{
  "" : {
    "transaction" : "",
    "sampleCount" : 6000,
    "errorCount" : 8,
    "errorPct" : 0.13333334,
    "meanResTime" : 3200.0274999999915,
    "medianResTime" : 2412.0,
    "minResTime" : 1132.0,
    "maxResTime" : 62202.0,
    "pct1ResTime" : 5570.900000000001,
    "pct2ResTime" : 7126.499999999998,
    "pct3ResTime" : 12548.759999999995,
    "throughput" : 3.3177436246791467,
    "receivedKBytesPerSec" : 20.500782814696276,
    "sentKBytesPerSec" : 0.7970360660850293
  },
  "-0" : {
    "transaction" : "-0",
    "sampleCount" : 6000,
    "errorCount" : 0,
    "errorPct" : 0.0,
    "meanResTime" : 561.7908333333344,
    "medianResTime" : 400.0,
    "minResTime" : 356.0,
    "maxResTime" : 6829.0,
    "pct1ResTime" : 870.0,
    "pct2ResTime" : 1390.7999999999993,
    "pct3ResTime" : 2863.869999999997,
    "throughput" : 3.3285642404576996,
    "receivedKBytesPerSec" : 1.2124555289948458,
    "sentKBytesPerSec" : 0.3998177749768526
  },
  "-1" : {
    "transaction" : "-1",
    "sampleCount" : 6000,
    "errorCount" : 8,
    "errorPct" : 0.13333334,
    "meanResTime" : 2637.2731666666596,
    "medianResTime" : 1937.5,
    "minResTime" : 752.0,
    "maxResTime" : 61821.0,
    "pct1ResTime" : 4822.0,
    "pct2ResTime" : 6303.749999999999,
    "pct3ResTime" : 9103.909999999998,
    "throughput" : 3.3188887917806613,
    "receivedKBytesPerSec" : 19.29892778457535,
    "sentKBytesPerSec" : 0.39865558729396616
  },
  "Total" : {
    "transaction" : "Total",
    "sampleCount" : 18000,
    "errorCount" : 16,
    "errorPct" : 0.08888889,
    "meanResTime" : 2133.030499999999,
    "medianResTime" : 1439.5,
    "minResTime" : 356.0,
    "maxResTime" : 62202.0,
    "pct1ResTime" : 4505.9,
    "pct2ResTime" : 5772.0,
    "pct3ResTime" : 9318.610000000062,
    "throughput" : 9.95323087403744,
    "receivedKBytesPerSec" : 41.00156562939255,
    "sentKBytesPerSec" : 1.5940721321700586
  }
}